{"pos": {"192.168.10.3": [0.052635368876136734, 0.01266991290248732], "192.168.10.50": [-0.12424392017036168, 0.02365025528067826], "192.168.10.51": [-0.8404618163086818, -0.512745122846126], "192.168.10.19": [0.8727978525710967, -0.39640761976783256], "192.168.10.17": [-0.2962257403366214, 0.9220958287735218], "192.168.10.16": [0.737004208558568, 0.5893106405280214], "192.168.10.12": [0.30104736181079794, -0.5346113533727411], "192.168.10.9": [-0.37626555915532484, -0.9094560185616712], "192.168.10.5": [0.5617027308637689, -0.8500022718817496], "192.168.10.8": [0.15711440299694557, 0.9503641267980948], "192.168.10.14": [0.7631533075542497, 0.05207398363412263], "192.168.10.15": [-1.0, 0.051034637038147715], "192.168.10.25": [-0.808258197260572, 0.6020230014750478]}, "edges": [["192.168.10.50", "192.168.10.16"], ["192.168.10.50", "192.168.10.12"], ["192.168.10.50", "192.168.10.51"], ["192.168.10.50", "192.168.10.8"], ["192.168.10.50", "192.168.10.3"], ["192.168.10.50", "192.168.10.5"], ["192.168.10.50", "192.168.10.25"], ["192.168.10.50", "192.168.10.17"], ["192.168.10.50", "192.168.10.19"], ["192.168.10.50", "192.168.10.14"], ["192.168.10.50", "192.168.10.15"], ["192.168.10.50", "192.168.10.9"], ["192.168.10.16", "192.168.10.3"], ["192.168.10.16", "192.168.10.14"], ["192.168.10.12", "192.168.10.3"], ["192.168.10.12", "192.168.10.14"], ["192.168.10.51", "192.168.10.3"], ["192.168.10.5", "192.168.10.3"], ["192.168.10.5", "192.168.10.19"], ["192.168.10.3", "192.168.10.25"], ["192.168.10.3", "192.168.10.19"], ["192.168.10.3", "192.168.10.15"], ["192.168.10.3", "192.168.10.9"], ["192.168.10.3", "192.168.10.17"], ["192.168.10.3", "192.168.10.14"], ["192.168.10.3", "192.168.10.8"], ["192.168.10.8", "192.168.10.17"], ["192.168.10.19", "192.168.10.14"]], "risk_mean": {"192.168.10.3": [1.8471567985612098], "192.168.10.50": [1.2118241241198064], "192.168.10.51": [0.36460831053501314], "192.168.10.19": [0.4138894348848314], "192.168.10.17": [0.6221074176475125], "192.168.10.16": [0.5315263967818676], "192.168.10.12": [0.8998025687844677], "192.168.10.9": [0.450474997758716], "192.168.10.5": [0.6666241417296636], "192.168.10.8": [0.6146335169047143], "192.168.10.14": [0.19064528671227404], "192.168.10.15": [0.2765767659231015], "192.168.10.25": [0.3607964195863296]}, "risk_cov": [[5.1445683280480665, 1.533369156710166, 0.8050605506368232, 1.1266603033700167, 2.0546411749921147, 1.651063589223167, 2.8647046062229697, 1.3813352381703958, 2.182403681184452, 2.00026968939274, 0.1554063614772303, 0.4757539505485815, 0.7489895250229877], [1.533369156710166, 0.46308111051877066, 0.2504915061955645, 0.3281974085879637, 0.6000082893816948, 0.4829282104985971, 0.8715088661671481, 0.39642166696034764, 0.6365766036663618, 0.5847246562984822, 0.050138991202660396, 0.1506870048484242, 0.23769110249355607], [0.8050605506368238, 0.25049150619556454, 0.9327431874483125, 0.14509778365759143, 0.2750963365579567, 0.22323899334304387, 0.37289448022030525, 0.1736552960854001, 0.28019225211648124, 0.3060385219135596, 0.03662507395774654, 0.0601571774547332, 0.15494304582971596], [1.1266603033700164, 0.3281974085879636, 0.14509778365759143, 1.0415927215079563, 0.36714145792970126, 0.2848738038041863, 0.5001808693554091, 0.24325242246427586, 0.5902444797047515, 0.3582115528233855, 0.06455366341640771, 0.07967117366766961, 0.13696261716522215], [2.0546411749921143, 0.6000082893816948, 0.2750963365579566, 0.36714145792970126, 1.512264188615616, 0.5402805897235007, 0.9617741386260694, 0.44973542393622673, 0.7464231205188041, 0.6669808704737237, 0.05427672319764292, 0.1419466160083845, 0.248222907159044], [1.6510635892231673, 0.48292821049859735, 0.22323899334304384, 0.2848738038041865, 0.5402805897235007, 1.2526132892064534, 0.8706824113670123, 0.3946688417350591, 0.5909112419078223, 0.5870183747406468, 0.04069999137412275, 0.12183489794487165, 0.19886653442576943], [2.8647046062229693, 0.8715088661671484, 0.37289448022030525, 0.5001808693554092, 0.9617741386260696, 0.8706824113670123, 2.1360222133619384, 0.7553230772783276, 1.004645973275089, 0.9849484628000338, 0.06873510159240093, 0.33541944982604405, 0.35147272178705896], [1.3813352381703958, 0.3964216669603477, 0.17365529608540003, 0.24325242246427595, 0.44973542393622673, 0.39466884173505906, 0.7553230772783277, 1.1304538027158395, 0.4810266200037722, 0.44190361431177305, 0.03565935044568199, 0.1007358557677373, 0.16639334673434436], [2.1824036811844527, 0.6365766036663617, 0.28019225211648124, 0.5902444797047517, 0.746423120518804, 0.5909112419078223, 1.0046459732750888, 0.4810266200037721, 1.6046906153664742, 0.6952187432318031, 0.0555538218905667, 0.19873902608232333, 0.26439222474267116], [2.00026968939274, 0.5847246562984825, 0.3060385219135595, 0.3582115528233857, 0.6669808704737232, 0.5870183747406468, 0.9849484628000337, 0.44190361431177283, 0.6952187432318031, 1.4644584695623835, 0.05175059297722384, 0.1434578464416546, 0.2536812722048288], [0.15540636147723028, 0.05013899120266041, 0.036625073957746536, 0.06455366341640771, 0.0542767231976429, 0.04069999137412275, 0.06873510159240093, 0.03565935044568199, 0.05555382189056673, 0.051750592977223855, 0.8346806149212662, 0.011456538742114863, 0.02388002634585729], [0.4757539505485815, 0.15068700484842423, 0.060157177454733195, 0.07967117366766963, 0.14194661600838449, 0.12183489794487168, 0.33541944982604405, 0.10073585576773733, 0.19873902608232336, 0.14345784644165457, 0.011456538742114863, 0.8730387462676896, 0.14012160969863766], [0.7489895250229877, 0.23769110249355618, 0.15494304582971596, 0.13696261716522218, 0.24822290715904397, 0.1988665344257694, 0.35147272178705896, 0.16639334673434436, 0.26439222474267127, 0.25368127220482883, 0.023880026345857296, 0.1401216096986377, 0.9229930532803967]]}