{"pos": {"192.168.10.50": [-0.12424392017036168, 0.02365025528067826], "192.168.10.16": [0.737004208558568, 0.5893106405280214], "192.168.10.12": [0.30104736181079794, -0.5346113533727411], "192.168.10.51": [-0.8404618163086818, -0.512745122846126], "192.168.10.5": [0.5617027308637689, -0.8500022718817496], "192.168.10.3": [0.052635368876136734, 0.01266991290248732], "192.168.10.8": [0.15711440299694557, 0.9503641267980948], "192.168.10.25": [-0.808258197260572, 0.6020230014750478], "192.168.10.19": [0.8727978525710967, -0.39640761976783256], "192.168.10.15": [-1.0, 0.051034637038147715], "192.168.10.9": [-0.37626555915532484, -0.9094560185616712], "192.168.10.17": [-0.2962257403366214, 0.9220958287735218], "192.168.10.14": [0.7631533075542497, 0.05207398363412263]}}