{"pos": {"192.168.10.17": [-0.52, -0.3838090624694548], "192.168.10.9": [-0.15639608439783684, -0.419390341438553], "192.168.10.50": [-0.16497518506507258, 0.20202611710166593], "192.168.10.14": [0.22011849337007866, 0.046703367870222404], "192.168.10.16": [-0.23728027816354072, 0.52], "192.168.10.3": [-0.06518609304774269, -0.03225267839741637], "192.168.10.25": [-0.38444820196416596, -0.030999843797103924], "192.168.10.19": [0.52, -0.3408758060098474], "192.168.10.15": [0.14038664535121761, -0.52], "192.168.10.8": [-0.41534589555584245, 0.16373391367516216], "192.168.10.12": [0.007576506003428385, 0.5098432298762515], "192.168.10.51": [0.4840490634670972, 0.2116982641687682]}, "topologyEdges": [["192.168.10.50", "192.168.10.8"], ["192.168.10.50", "192.168.10.3"], ["192.168.10.50", "192.168.10.16"], ["192.168.10.16", "192.168.10.12"], ["192.168.10.51", "192.168.10.14"], ["192.168.10.8", "192.168.10.25"], ["192.168.10.3", "192.168.10.14"], ["192.168.10.25", "192.168.10.17"], ["192.168.10.19", "192.168.10.15"], ["192.168.10.15", "192.168.10.9"], ["192.168.10.9", "192.168.10.17"]], "risk_mean": {"192.168.10.17": 1.8505206187469128, "192.168.10.9": 0.700581866977638, "192.168.10.50": 0.45988502377386675, "192.168.10.14": -1.1163800398549948, "192.168.10.16": -2.057759136901328, "192.168.10.3": 1.7405312681013712, "192.168.10.25": 2.0, "192.168.10.19": -1.3346483878508857, "192.168.10.15": -0.3656691756694165, "192.168.10.8": 0.8479319957273713, "192.168.10.12": -1.3304806160260445, "192.168.10.51": -1.3945134170244895}, "risk_cov": [[0.2806134424172157, 0.25840895299432015, 0.2538256941578918, 0.2238121217515898, 0.2058876214366663, 0.2782103784729869, 0.283150822741855, 0.21965575633175183, 0.2381066762049108, 0.26121449548283476, 0.2197354329722484, 0.2185162000700547], [0.2584089529943201, 0.2385338613292068, 0.23400027955854658, 0.20632689389485936, 0.1898024750972616, 0.2564781024977788, 0.26103364630509374, 0.20249845600929015, 0.21950895161175502, 0.24080919225981126, 0.2025686189342892, 0.2014494681766721], [0.25382569415789186, 0.23400027955854658, 0.2301591551027295, 0.20266702677231102, 0.18643552472165884, 0.2519291482471637, 0.2564041939192445, 0.19890747384113283, 0.21561596062835678, 0.236538048777013, 0.19897540320845908, 0.19787717230864535], [0.2238121217515898, 0.20632689389485934, 0.20266702677231108, 0.17901683772326657, 0.1643961977641922, 0.22213994059047787, 0.22608340612865954, 0.17538540715585296, 0.19011616034840184, 0.2085703762477274, 0.17545315420446111, 0.17447316349855865], [0.2058876214366663, 0.1898024750972616, 0.18643552472165884, 0.16439619776419215, 0.1515393811496698, 0.20434922814186948, 0.20797669554003909, 0.1613387475133296, 0.17489017342613308, 0.19186674581006236, 0.16140182760612634, 0.1604994140968953], [0.2782103784729869, 0.2564781024977788, 0.25192914824716367, 0.22213994059047795, 0.20434922814186948, 0.2764403610879572, 0.28103521113049845, 0.21801470101783033, 0.23632742429767264, 0.2592627085292939, 0.21809373784475616, 0.2168835488775323], [0.283150822741855, 0.26103364630509374, 0.2564041939192445, 0.22608340612865954, 0.2079766955400391, 0.28103521113049834, 0.28633516594136615, 0.22188707757280024, 0.2405252543351605, 0.2638664480459571, 0.22196530670229256, 0.2207365393195602], [0.21965575633175183, 0.2024984560092901, 0.19890747384113283, 0.175385407155853, 0.16133874751332958, 0.21801470101783024, 0.22188707757280024, 0.1724399326003835, 0.18658889925087818, 0.2046960535873195, 0.17219077290427043, 0.1712382193259257], [0.23810667620491086, 0.21950895161175502, 0.21561596062835678, 0.19011616034840192, 0.17489017342613308, 0.23632742429767273, 0.24052525433516056, 0.18658889925087818, 0.2025720035666799, 0.22188972954951763, 0.1866531106438104, 0.18562253119090458], [0.26121449548283476, 0.24080919225981126, 0.236538048777013, 0.2085703762477274, 0.19186674581006227, 0.25926270852929384, 0.2638664480459571, 0.20469605358731952, 0.22188972954951763, 0.24373371958697557, 0.20477129230242844, 0.20363302539240719], [0.21973543297224835, 0.2025686189342892, 0.1989754032084591, 0.17545315420446111, 0.16140182760612629, 0.21809373784475616, 0.22196530670229253, 0.17219077290427046, 0.18665311064381043, 0.20477129230242844, 0.17256609115628752, 0.17129508509176397], [0.21851620007005476, 0.20144946817667203, 0.19787717230864535, 0.17447316349855865, 0.1604994140968953, 0.21688354887753228, 0.22073653931956014, 0.17123821932592567, 0.18562253119090455, 0.20363302539240724, 0.17129508509176397, 0.17066062801560988]], "funcEdges": [[0.0, 0.0, 0.0, 0.0, 0.0, 0.3172819794681281, 0.0, 0.0, 0.0, 0.0, 0.0, 0.0], [0.0, 0.0, 0.0, 0.0, 0.0, 0.5136694866347034, 0.0, 0.0, 0.0, 0.0, 0.0, 0.0], [0.0, 0.0, 0.0, 0.1419239270054024, 0.20109137156086287, 0.7901082055849387, 0.43190315357533143, 0.0, 0.0, 0.24514479533284367, 0.1826887033549418, 0.0], [0.0, 0.0, 0.1419239270054024, 0.0, 0.0, 0.5163878129100665, 0.0, 0.0, 0.0, 0.0, 0.0, 0.0], [0.0, 0.0, 0.20109137156086287, 0.0, 0.0, 0.2469266225205735, 0.0, 0.0, 0.0, 0.0, 0.34222375089004964, 0.0], [0.3172819794681281, 0.5136694866347034, 0.7901082055849387, 0.5163878129100665, 0.2469266225205735, 0.0, 0.48314783550011225, 0.21322130424860508, 0.3313082278720372, 0.618808421823146, 0.2505413429899994, 0.2807564188988796], [0.0, 0.0, 0.43190315357533143, 0.0, 0.0, 0.48314783550011225, 0.0, 0.0, 0.0, 0.10529114893381986, 0.0, 0.0], [0.0, 0.0, 0.0, 0.0, 0.0, 0.21322130424860508, 0.0, 0.0, 0.0, 0.0, 0.0, 0.0], [0.0, 0.0, 0.0, 0.0, 0.0, 0.3313082278720372, 0.0, 0.0, 0.0, 0.0, 0.0, 0.0], [0.0, 0.0, 0.24514479533284367, 0.0, 0.0, 0.618808421823146, 0.10529114893381986, 0.0, 0.0, 0.0, 0.0, 0.0], [0.0, 0.0, 0.1826887033549418, 0.0, 0.34222375089004964, 0.2505413429899994, 0.0, 0.0, 0.0, 0.0, 0.0, 0.0], [0.0, 0.0, 0.0, 0.0, 0.0, 0.2807564188988796, 0.0, 0.0, 0.0, 0.0, 0.0, 0.0]], "entityColors": {"192.168.10.17": [0.0, 1.0, 1.0, 1.0], "192.168.10.9": [0.0, 1.0, 1.0, 1.0], "192.168.10.50": [0.0, 1.0, 1.0, 1.0], "192.168.10.14": [0.0, 1.0, 1.0, 1.0], "192.168.10.16": [0.0, 1.0, 1.0, 1.0], "192.168.10.3": [0.0, 1.0, 1.0, 1.0], "192.168.10.25": [0.0, 1.0, 1.0, 1.0], "192.168.10.19": [0.0, 1.0, 1.0, 1.0], "192.168.10.15": [0.0, 1.0, 1.0, 1.0], "192.168.10.8": [0.0, 1.0, 1.0, 1.0], "192.168.10.12": [0.0, 1.0, 1.0, 1.0], "192.168.10.51": [0.0, 1.0, 1.0, 1.0]}, "clusAssignments": {"192.168.10.17": 0, "192.168.10.9": 0, "192.168.10.50": 0, "192.168.10.14": 0, "192.168.10.16": 0, "192.168.10.3": 0, "192.168.10.25": 0, "192.168.10.19": 0, "192.168.10.15": 0, "192.168.10.8": 0, "192.168.10.12": 0, "192.168.10.51": 0}, "extras": {"n_cluster": 1, "diam_xy": 1.3, "diam_z": 2, "radius": 0.5172535650486598, "clusters": [0]}}